{
  "train_loss": [
    1.339593768119812,
    1.3342852592468262,
    1.3065508604049683,
    1.3773550987243652,
    1.3645575046539307,
    1.2895022630691528,
    1.338659405708313,
    1.3613829612731934,
    1.3183039426803589,
    1.346511721611023,
    1.3691309690475464,
    1.3651399612426758,
    1.3676209449768066,
    1.2758076190948486,
    1.2828019857406616,
    1.3023552894592285,
    1.3623595237731934,
    1.3128126859664917
  ],
  "train_acc": [
    0.36,
    0.48,
    0.36,
    0.32,
    0.4,
    0.44,
    0.32,
    0.36,
    0.4,
    0.4,
    0.28,
    0.32,
    0.24,
    0.36,
    0.32,
    0.48,
    0.2,
    0.4
  ],
  "val_loss": [
    1.398154854774475,
    1.3813884258270264,
    1.3548479080200195,
    1.334393858909607,
    1.3287867307662964,
    1.3270584344863892,
    1.3290977478027344,
    1.3338178396224976,
    1.3382256031036377,
    1.3374971151351929,
    1.3382498025894165,
    1.3374078273773193,
    1.336321234703064,
    1.3349802494049072,
    1.3342279195785522,
    1.3340498208999634,
    1.3344380855560303,
    1.33560311794281
  ],
  "val_acc": [
    0.0,
    0.0,
    0.5714285714285714,
    0.5714285714285714,
    0.5714285714285714,
    0.5714285714285714,
    0.5714285714285714,
    0.5714285714285714,
    0.5714285714285714,
    0.5714285714285714,
    0.5714285714285714,
    0.5714285714285714,
    0.5714285714285714,
    0.5714285714285714,
    0.5714285714285714,
    0.5714285714285714,
    0.5714285714285714,
    0.5714285714285714
  ]
}