{
  "train_loss": [
    1.2044612173348257,
    1.1032473696013019,
    0.9169552777319738,
    0.8183221983378881,
    0.7606467459708044,
    0.7264028106854387,
    0.7107490572619112,
    0.6977376821514678,
    0.6676500403921898,
    0.657974417078985,
    0.6540619757485716,
    0.6290060837995516,
    0.6043832159205659,
    0.5877581208127819,
    0.579669398191857,
    0.5770545025190262,
    0.570514699673816,
    0.5697986399372147,
    0.5618592060285889,
    0.5614895820107362,
    0.5498074602386723,
    0.5272091492398144,
    0.5251799603439358,
    0.5161883383989334,
    0.5145362578842738,
    0.5095075277535066,
    0.5134922476766044,
    0.5116040245310901,
    0.4984302681500781,
    0.49742737356318184,
    0.5019423652899592,
    0.4934350848197937,
    0.4995346991472865,
    0.49332128281462684,
    0.4963646855154266,
    0.490480170266269,
    0.49139024118242197,
    0.47234897550246485,
    0.4701250830333527,
    0.4735724428438977,
    0.46489384453998855,
    0.4590230336132115,
    0.46248359738351547,
    0.46135607203596257,
    0.46097132589106693,
    0.4542802135421805,
    0.4589119614803628,
    0.45649964898212314,
    0.45622729816257135,
    0.44684255709999227
  ],
  "train_acc": [
    0.42189843582601244,
    0.5221769873580459,
    0.6448467966573816,
    0.6836297407328048,
    0.7075208913649025,
    0.715770302121277,
    0.7271266338118706,
    0.730447825155346,
    0.7407328047996572,
    0.7497321619884294,
    0.7465181058495822,
    0.7599100064281122,
    0.7662309835011785,
    0.7737304478251553,
    0.778015856010285,
    0.7803728305121063,
    0.7813370473537604,
    0.7791943432611956,
    0.7855153203342619,
    0.7846582386972359,
    0.7915148917934434,
    0.8006213841868438,
    0.8024426826655239,
    0.8044782515534604,
    0.807370902078423,
    0.7995500321405614,
    0.8082279837154489,
    0.8067280908506536,
    0.8119777158774373,
    0.8124062566959502,
    0.8064066852367688,
    0.8136918791514892,
    0.810049282194129,
    0.8111206342404114,
    0.8116563102635526,
    0.8144418255838869,
    0.8115491750589243,
    0.8223698307263767,
    0.8202271266338119,
    0.8192629097921577,
    0.8283694021855582,
    0.8261195628883651,
    0.8266552389115063,
    0.826976644525391,
    0.8268695093207628,
    0.830940647096636,
    0.8267623741161345,
    0.8312620527105207,
    0.827833726162417,
    0.8294407542318406
  ],
  "val_loss": [
    1.1420600672025938,
    2.7923508979178764,
    1.3686156885043994,
    3.1086269327112146,
    1.6746298429128286,
    0.7665038181317819,
    0.9249868988990784,
    1.250362613716641,
    1.417333884819134,
    1.4721634967907056,
    2.182835839890145,
    3.3451402058472506,
    1.1450820645770512,
    2.610938945332089,
    0.7982956646261988,
    1.9511729833242055,
    1.8589371104498167,
    1.002617821500108,
    1.135690693919723,
    0.8387299107538687,
    1.586703812753832,
    0.9540442888801163,
    0.8509162318062138,
    1.9327397265949764,
    0.764747473839167,
    0.6512789106046831,
    0.8848905966088578,
    0.6522152149999464,
    1.3490556832906362,
    0.5018511116504669,
    0.5318898929131998,
    0.6658732721934447,
    0.6580323202384485,
    1.442857115655332,
    0.7323509132539904,
    1.632005069706891,
    1.4483547629536808,
    0.4993559105976208,
    0.5557576482360428,
    0.4590628066578427,
    0.47493276120843114,
    0.6049424313210152,
    0.6551906273171708,
    0.8838148431198017,
    0.6544859594589955,
    0.4438026595760036,
    0.4338914590912896,
    0.45550000828665654,
    0.6148785626566088,
    0.7262403723355886
  ],
  "val_acc": [
    0.41337907375643224,
    0.2444253859348199,
    0.45797598627787306,
    0.2478559176672384,
    0.43138936535162953,
    0.6921097770154374,
    0.6183533447684391,
    0.5197255574614065,
    0.5437392795883362,
    0.5686106346483705,
    0.362778730703259,
    0.29588336192109777,
    0.5806174957118353,
    0.32332761578044594,
    0.7049742710120068,
    0.38078902229845624,
    0.43567753001715265,
    0.6209262435677531,
    0.6286449399656947,
    0.6843910806174958,
    0.5454545454545454,
    0.644082332761578,
    0.6818181818181818,
    0.4262435677530017,
    0.6946826758147513,
    0.7358490566037735,
    0.6715265866209262,
    0.7469982847341338,
    0.5506003430531733,
    0.8018867924528302,
    0.8053173241852487,
    0.7487135506003431,
    0.7607204116638079,
    0.5171526586620926,
    0.7135506003430532,
    0.5085763293310464,
    0.5900514579759862,
    0.8061749571183533,
    0.7658662092624356,
    0.8276157804459692,
    0.8276157804459692,
    0.7615780445969125,
    0.7590051457975986,
    0.6698113207547169,
    0.725557461406518,
    0.8336192109777015,
    0.8284734133790738,
    0.8310463121783876,
    0.7435677530017153,
    0.7084048027444254
  ],
  "lr": [
    0.001,
    0.001,
    0.001,
    0.001,
    0.001,
    0.001,
    0.001,
    0.001,
    0.001,
    0.001,
    0.001,
    0.0005,
    0.0005,
    0.0005,
    0.0005,
    0.0005,
    0.0005,
    0.0005,
    0.0005,
    0.0005,
    0.00025,
    0.00025,
    0.00025,
    0.00025,
    0.00025,
    0.00025,
    0.00025,
    0.00025,
    0.00025,
    0.00025,
    0.00025,
    0.00025,
    0.00025,
    0.00025,
    0.00025,
    0.00025,
    0.000125,
    0.000125,
    0.000125,
    0.000125,
    0.000125,
    0.000125,
    0.000125,
    0.000125,
    0.000125,
    0.000125,
    0.000125,
    0.000125,
    0.000125,
    0.000125
  ]
}